{"stats":{"minecraft:mined":{"minecraft:white_bed":8,"minecraft:oak_sapling":3,"minecraft:mossy_cobblestone":6,"minecraft:cobblestone_stairs":2,"minecraft:dark_oak_log":1,"minecraft:grass_block":148,"minecraft:oak_wall_sign":1,"minecraft:hay_block":90,"minecraft:oak_trapdoor":3,"minecraft:iron_ore":7,"minecraft:fire":26,"minecraft:fletching_table":46,"minecraft:azure_bluet":1,"minecraft:brown_bed":3,"minecraft:bell":3,"minecraft:bookshelf":5,"minecraft:oak_sign":1,"minecraft:dirt_path":1,"minecraft:cobblestone_slab":3,"minecraft:vine":2,"minecraft:stone":38,"minecraft:white_wool":1,"minecraft:smithing_table":2,"minecraft:glass_pane":3,"minecraft:dandelion":5,"minecraft:oak_fence":2,"minecraft:crafting_table":1,"minecraft:cornflower":1,"minecraft:torch":9,"minecraft:blast_furnace":4,"minecraft:sponge":2,"minecraft:chest":1,"minecraft:tall_grass":12,"minecraft:cobblestone":50,"minecraft:grindstone":1,"minecraft:oak_planks":3,"minecraft:wall_torch":1,"minecraft:birch_log":40,"minecraft:birch_leaves":2,"minecraft:yellow_bed":1,"minecraft:grass":197,"minecraft:oak_log":51,"minecraft:coal_ore":2,"minecraft:sunflower":1,"minecraft:gravel":110,"minecraft:sand":2,"minecraft:dirt":206,"minecraft:oak_leaves":15},"minecraft:broken":{"minecraft:stone_sword":1,"minecraft:wooden_sword":1,"minecraft:iron_sword":1},"minecraft:used":{"minecraft:oak_trapdoor":6,"minecraft:stone_sword":149,"minecraft:iron_shovel":439,"minecraft:flint_and_steel":29,"minecraft:poppy":8,"minecraft:oak_sign":8,"minecraft:chest":6,"minecraft:shield":1,"minecraft:iron_sword":285,"minecraft:bell":3,"minecraft:torch":27,"toolsextension:iron_double_axe":90,"minecraft:dirt":222,"minecraft:hopper":1,"minecraft:carrot":1,"minecraft:oak_fence_gate":1,"minecraft:iron_hoe":29,"minecraft:lava_bucket":3,"minecraft:lantern":1,"minecraft:iron_axe":168,"toolsextension:iron_spade":31,"minecraft:hay_block":5,"magistuarmory:rusted_bastardsword":2,"toolsextension:stone_hammer":2,"minecraft:oak_sapling":8,"minecraft:furnace":1,"minecraft:egg":1,"minecraft:cooked_beef":7,"minecraft:brown_bed":3,"minecraft:cooked_mutton":30,"epicfight:skillbook":1,"minecraft:water_bucket":11,"minecraft:birch_planks":14,"minecraft:stone_pickaxe":22,"minecraft:baked_potato":3,"minecraft:oak_planks":3,"minecraft:wooden_pickaxe":21,"minecraft:birch_boat":1,"minecraft:fletching_table":52,"minecraft:cobblestone_slab":7,"minecraft:waxed_exposed_copper":1,"minecraft:mossy_cobblestone":5,"minecraft:sand":1,"minecraft:crafting_table":5,"minecraft:blast_furnace":3,"minecraft:crossbow":1,"minecraft:white_bed":9,"minecraft:wooden_hoe":58,"minecraft:dark_oak_log":1,"minecraft:bread":6,"minecraft:iron_pickaxe":90,"minecraft:gravel":78,"minecraft:wooden_sword":64,"minecraft:cobblestone":8,"minecraft:smithing_table":2,"minecraft:cooked_porkchop":6,"minecraft:bucket":13,"minecraft:birch_log":2,"minecraft:yellow_bed":1,"minecraft:oak_boat":5,"minecraft:experience_bottle":1},"minecraft:dropped":{"minecraft:stone_hoe":43,"minecraft:iron_ingot":56,"minecraft:bread":297,"minecraft:wheat_seeds":4,"minecraft:mossy_cobblestone":1,"minecraft:diamond":3,"minecraft:smithing_table":1,"minecraft:crossbow":1,"minecraft:golden_axe":1,"minecraft:iron_helmet":8,"minecraft:cobblestone":51,"minecraft:fletching_table":9,"minecraft:cobblestone_stairs":2,"minecraft:stick":107,"minecraft:emerald":137,"minecraft:dirt":30,"minecraft:gray_wool":2,"minecraft:torch":2,"magistuarmory:rusted_bastardsword":1,"minecraft:iron_leggings":12,"minecraft:oak_stairs":96,"minecraft:sand":1,"magistuarmory:corruptedroundshield":1,"minecraft:iron_shovel":4,"minecraft:string":4,"minecraft:bucket":1,"minecraft:white_wool":29,"minecraft:oak_door":2,"minecraft:gravel":13,"minecraft:wheat":1,"minecraft:iron_boots":2,"minecraft:grindstone":1,"toolsextension:iron_double_axe":3,"minecraft:oak_planks":95,"minecraft:iron_hoe":1,"minecraft:azure_bluet":1,"minecraft:flint_and_steel":1,"minecraft:blast_furnace":1,"minecraft:poppy":2,"minecraft:shield":8,"minecraft:gunpowder":4,"minecraft:chainmail_boots":12,"minecraft:oak_sapling":2,"minecraft:golden_leggings":1,"minecraft:stone_pickaxe":52,"minecraft:wooden_pickaxe":2},"minecraft:killed":{"minecraft:spider":2,"minecraft:skeleton":3,"minecraft:pig":13,"minecraft:iron_golem":20,"minecraft:creeper":1,"minecraft:sheep":8,"minecraft:zombie":1,"minecraft:villager":1,"minecraft:cow":10},"minecraft:picked_up":{"minecraft:crafting_table":1,"minecraft:azure_bluet":1,"minecraft:smithing_table":2,"minecraft:wooden_pickaxe":2,"minecraft:oak_stairs":96,"minecraft:brown_bed":3,"minecraft:oak_trapdoor":3,"minecraft:cornflower":1,"minecraft:string":5,"minecraft:flint_and_steel":1,"minecraft:iron_shovel":2,"minecraft:oak_sign":2,"minecraft:diamond_leggings":1,"minecraft:beef":8,"minecraft:oak_boat":4,"minecraft:cobblestone_slab":4,"minecraft:poppy":25,"minecraft:chest":1,"minecraft:egg":1,"minecraft:stick":10,"minecraft:raw_iron":5,"minecraft:oak_door":2,"minecraft:torch":17,"epicfight:skillbook":1,"minecraft:porkchop":21,"minecraft:carrot":1,"toolsextension:iron_double_axe":1,"minecraft:arrow":3,"minecraft:diamond_boots":1,"minecraft:hay_block":88,"minecraft:mutton":9,"minecraft:cobblestone":144,"minecraft:white_wool":17,"minecraft:birch_log":40,"minecraft:sponge":2,"minecraft:cooked_beef":11,"minecraft:jungle_log":53,"minecraft:leather":6,"minecraft:flint":17,"minecraft:oak_log":102,"minecraft:yellow_bed":1,"minecraft:gunpowder":4,"minecraft:cobblestone_stairs":2,"minecraft:dirt":536,"minecraft:cooked_mutton":13,"minecraft:bone":3,"minecraft:apple":1,"minecraft:wheat_seeds":19,"minecraft:stone_pickaxe":12,"minecraft:bell":3,"minecraft:grindstone":1,"minecraft:iron_ingot":100,"minecraft:fletching_table":55,"minecraft:stone_hoe":8,"minecraft:oak_planks":64,"minecraft:waxed_exposed_copper":1,"minecraft:book":15,"minecraft:cooked_porkchop":1,"minecraft:lava_bucket":1,"minecraft:dandelion":6,"minecraft:gravel":92,"minecraft:sand":2,"minecraft:blast_furnace":4,"minecraft:white_bed":8,"minecraft:dark_oak_log":126,"minecraft:mossy_cobblestone":6,"magistuarmory:rusted_bastardsword":1,"minecraft:diamond":3,"minecraft:iron_helmet":1,"magistuarmory:corruptedroundshield":1,"minecraft:crossbow":1,"minecraft:gray_wool":1,"minecraft:oak_sapling":4,"minecraft:coal":2,"minecraft:sunflower":1},"minecraft:crafted":{"minecraft:wooden_sword":1,"minecraft:oak_sign":6,"minecraft:oak_planks":468,"minecraft:cobblestone_slab":6,"minecraft:birch_boat":1,"toolsextension:iron_double_axe":2,"minecraft:furnace":1,"minecraft:cooked_mutton":34,"minecraft:oak_trapdoor":4,"minecraft:hopper":1,"minecraft:iron_boots":1,"minecraft:iron_axe":1,"minecraft:iron_hoe":1,"minecraft:stone_pickaxe":1,"minecraft:chest":6,"toolsextension:stone_hammer":1,"minecraft:dark_oak_planks":532,"toolsextension:iron_spade":1,"minecraft:wheat":774,"minecraft:cooked_beef":53,"minecraft:emerald":73,"minecraft:cooked_porkchop":48,"minecraft:crafting_table":5,"minecraft:wooden_pickaxe":1,"minecraft:iron_sword":2,"minecraft:fletching_table":8,"minecraft:birch_planks":152,"minecraft:bucket":1,"minecraft:bread":261,"minecraft:air":0,"minecraft:jungle_planks":212,"minecraft:oak_fence_gate":1,"minecraft:oak_boat":3,"minecraft:wooden_hoe":1,"minecraft:iron_chestplate":1,"minecraft:stick":2480,"minecraft:iron_ingot":8,"minecraft:iron_pickaxe":1,"minecraft:stone_sword":1,"minecraft:iron_leggings":1,"minecraft:white_bed":3,"minecraft:torch":56,"minecraft:shears":1},"minecraft:custom":{"minecraft:interact_with_smithing_table":1,"minecraft:mob_kills":61,"minecraft:inspect_hopper":2,"minecraft:interact_with_crafting_table":61,"minecraft:open_barrel":2,"minecraft:bell_ring":7,"minecraft:leave_game":3,"minecraft:time_since_death":205086,"minecraft:climb_one_cm":10222,"minecraft:sprint_one_cm":966534,"minecraft:damage_blocked_by_shield":93,"minecraft:walk_one_cm":885399,"minecraft:drop":212,"minecraft:talked_to_villager":48,"minecraft:play_time":205086,"minecraft:sneak_time":10783,"minecraft:walk_under_water_one_cm":1084,"minecraft:boat_one_cm":169027,"minecraft:jump":4816,"minecraft:interact_with_blast_furnace":1,"minecraft:walk_on_water_one_cm":28975,"minecraft:total_world_time":205086,"minecraft:interact_with_furnace":40,"minecraft:traded_with_villager":73,"minecraft:interact_with_cartography_table":1,"minecraft:sleep_in_bed":19,"minecraft:time_since_rest":5452,"minecraft:damage_taken":2061,"minecraft:damage_dealt":23965,"minecraft:swim_one_cm":12185,"minecraft:fly_one_cm":1961707,"minecraft:open_chest":163,"minecraft:crouch_one_cm":75840,"minecraft:fall_one_cm":129260}},"DataVersion":2975}