{"stats":{"minecraft:mined":{"minecraft:white_bed":7,"minecraft:mossy_cobblestone":1,"minecraft:dark_oak_leaves":16,"minecraft:jungle_leaves":6,"minecraft:brewing_stand":2,"minecraft:grass_block":11,"minecraft:jungle_log":5,"minecraft:white_concrete":1,"minecraft:deepslate_bricks":1,"minecraft:hay_block":3,"minecraft:deepslate_brick_slab":1,"minecraft:raw_iron_block":1,"minecraft:furnace":4,"minecraft:iron_ore":6,"minecraft:fire":1,"minecraft:fletching_table":3,"minecraft:bell":1,"minecraft:cobblestone_slab":1,"minecraft:vine":14,"minecraft:waxed_exposed_copper":1,"minecraft:stone":73,"minecraft:white_wool":6,"minecraft:smithing_table":4,"minecraft:crafting_table":3,"minecraft:poppy":1,"minecraft:blast_furnace":5,"minecraft:chest":3,"minecraft:cobblestone":21,"minecraft:tall_grass":9,"minecraft:sugar_cane":11,"minecraft:wall_torch":2,"minecraft:birch_planks":1,"minecraft:yellow_wool":6,"minecraft:birch_log":48,"minecraft:wheat":111,"minecraft:yellow_bed":6,"minecraft:grass":46,"minecraft:coal_ore":50,"minecraft:oak_log":221,"minecraft:sunflower":1,"minecraft:gravel":67,"minecraft:dirt":13,"minecraft:oak_leaves":30,"minecraft:fern":1},"minecraft:broken":{"toolsextension:iron_double_axe":2,"minecraft:golden_axe":1,"minecraft:iron_axe":1,"minecraft:iron_sword":1},"minecraft:used":{"minecraft:stone_sword":126,"minecraft:iron_shovel":71,"minecraft:chest":14,"minecraft:shield":22,"minecraft:iron_sword":271,"minecraft:iron_chestplate":1,"minecraft:torch":4,"minecraft:dirt":41,"toolsextension:iron_double_axe":466,"minecraft:lantern":1,"minecraft:iron_axe":259,"minecraft:furnace":7,"minecraft:cooked_beef":23,"minecraft:golden_axe":22,"minecraft:cooked_mutton":3,"epicfight:skillbook":7,"minecraft:birch_planks":12,"minecraft:stone_pickaxe":97,"minecraft:oak_planks":1,"minecraft:wooden_pickaxe":6,"minecraft:fletching_table":2,"minecraft:white_wool":1,"minecraft:sand":1,"minecraft:crafting_table":6,"minecraft:blast_furnace":7,"minecraft:white_bed":17,"minecraft:shears":12,"minecraft:oak_log":1,"minecraft:bread":14,"minecraft:iron_pickaxe":96,"minecraft:gravel":61,"minecraft:stone_axe":41,"minecraft:cobblestone":32,"minecraft:smithing_table":4,"minecraft:cooked_porkchop":18,"minecraft:bucket":1,"minecraft:yellow_bed":8,"minecraft:white_concrete":1,"minecraft:experience_bottle":1},"minecraft:dropped":{"minecraft:stone_hoe":36,"minecraft:iron_ingot":17,"minecraft:bread":94,"minecraft:brown_mushroom":2,"minecraft:wheat_seeds":262,"minecraft:cooked_beef":1,"minecraft:diamond":3,"minecraft:diamond_leggings":1,"minecraft:crossbow":1,"minecraft:iron_helmet":7,"minecraft:cobblestone":5,"minecraft:jungle_planks":64,"minecraft:fletching_table":1,"minecraft:stick":77,"minecraft:flint":7,"minecraft:lava_bucket":1,"minecraft:dirt":32,"minecraft:dark_oak_log":125,"minecraft:iron_leggings":1,"minecraft:oak_stairs":96,"magistuarmory:corruptedroundshield":1,"minecraft:chainmail_leggings":7,"minecraft:iron_shovel":3,"minecraft:stone_axe":1,"minecraft:sugar_cane":7,"minecraft:cocoa_beans":2,"minecraft:rotten_flesh":2,"minecraft:deepslate_brick_slab":1,"minecraft:iron_boots":1,"toolsextension:iron_double_axe":2,"minecraft:iron_hoe":3,"minecraft:cooked_mutton":11,"minecraft:carrot":22,"minecraft:chainmail_chestplate":8,"minecraft:poppy":14,"minecraft:hay_block":2,"minecraft:shield":1,"minecraft:diamond_boots":1,"minecraft:stone_pickaxe":45,"epicfight:skillbook":1},"minecraft:killed":{"minecraft:vindicator":1,"minecraft:skeleton":3,"minecraft:pig":31,"minecraft:iron_golem":9,"minecraft:sheep":25,"minecraft:pillager":5,"minecraft:zombie":3,"minecraft:cow":38},"minecraft:picked_up":{"minecraft:cocoa_beans":2,"minecraft:crafting_table":3,"minecraft:wheat":99,"minecraft:brown_mushroom":2,"minecraft:yellow_wool":6,"minecraft:smithing_table":5,"minecraft:oak_stairs":96,"minecraft:brewing_stand":2,"minecraft:iron_shovel":1,"minecraft:bucket":1,"minecraft:beef":74,"minecraft:oak_boat":1,"minecraft:cobblestone_slab":1,"minecraft:poppy":24,"minecraft:sugar_cane":21,"minecraft:chest":3,"minecraft:iron_boots":1,"minecraft:furnace":4,"minecraft:raw_iron":8,"minecraft:stick":113,"minecraft:torch":2,"epicfight:skillbook":2,"minecraft:porkchop":62,"minecraft:golden_axe":1,"minecraft:carrot":10,"toolsextension:iron_double_axe":4,"minecraft:rotten_flesh":7,"minecraft:arrow":4,"minecraft:deepslate_bricks":1,"minecraft:hay_block":5,"minecraft:mutton":44,"minecraft:white_wool":55,"minecraft:cobblestone":96,"minecraft:birch_log":48,"minecraft:cooked_beef":3,"magistuarmory:rustedchainmail_boots":1,"minecraft:jungle_log":118,"minecraft:brown_wool":1,"minecraft:leather":40,"minecraft:birch_planks":1,"minecraft:flint":7,"minecraft:oak_log":257,"minecraft:yellow_bed":6,"minecraft:dirt":57,"minecraft:lantern":2,"minecraft:cooked_mutton":2,"minecraft:bone":4,"minecraft:wheat_seeds":271,"minecraft:deepslate_brick_slab":1,"minecraft:stone_pickaxe":13,"minecraft:bell":1,"minecraft:grindstone":1,"minecraft:iron_ingot":93,"minecraft:fletching_table":4,"minecraft:stone_hoe":8,"minecraft:oak_planks":95,"minecraft:cooked_porkchop":1,"minecraft:raw_iron_block":1,"minecraft:gravel":79,"minecraft:jungle_planks":64,"minecraft:sand":1,"minecraft:blast_furnace":6,"minecraft:white_bed":7,"minecraft:dark_oak_log":1663,"minecraft:mossy_cobblestone":1,"minecraft:iron_hoe":4,"minecraft:diamond":3,"minecraft:iron_helmet":2,"magistuarmory:corruptedroundshield":1,"minecraft:crossbow":2,"minecraft:gray_wool":4,"minecraft:white_concrete":1,"minecraft:bread":40,"minecraft:emerald":207,"minecraft:oak_sapling":4,"minecraft:black_wool":2,"minecraft:coal":140},"minecraft:crafted":{"minecraft:smooth_stone":4,"minecraft:oak_planks":904,"minecraft:diamond_hoe":4,"minecraft:dark_oak_wood":189,"minecraft:furnace":5,"minecraft:blast_furnace":1,"minecraft:stone":3,"minecraft:yellow_bed":2,"minecraft:cooked_mutton":12,"minecraft:diamond_leggings":2,"minecraft:iron_boots":1,"minecraft:iron_axe":1,"minecraft:stone_pickaxe":72,"minecraft:chest":11,"minecraft:diamond_boots":2,"minecraft:dark_oak_planks":5900,"minecraft:stone_hoe":63,"minecraft:chainmail_leggings":12,"minecraft:cooked_beef":19,"minecraft:emerald":476,"minecraft:cooked_porkchop":18,"minecraft:crafting_table":3,"minecraft:wooden_pickaxe":1,"minecraft:iron_helmet":22,"minecraft:iron_sword":2,"minecraft:chainmail_chestplate":8,"minecraft:birch_planks":192,"minecraft:stone_axe":1,"minecraft:bread":33,"minecraft:air":0,"minecraft:jungle_planks":472,"minecraft:iron_chestplate":1,"minecraft:shield":12,"minecraft:stick":14617,"minecraft:chainmail_boots":12,"minecraft:iron_ingot":5,"minecraft:iron_pickaxe":1,"minecraft:stone_sword":1,"minecraft:iron_shovel":9,"minecraft:iron_leggings":11,"minecraft:white_bed":11,"minecraft:torch":4,"minecraft:shears":1},"minecraft:custom":{"minecraft:mob_kills":119,"minecraft:interact_with_crafting_table":40,"minecraft:bell_ring":22,"minecraft:leave_game":2,"minecraft:time_since_death":205773,"minecraft:climb_one_cm":6885,"minecraft:sprint_one_cm":874702,"minecraft:walk_one_cm":759167,"minecraft:damage_blocked_by_shield":2185,"minecraft:drop":185,"minecraft:talked_to_villager":304,"minecraft:play_time":205773,"minecraft:sneak_time":6761,"minecraft:walk_under_water_one_cm":502,"minecraft:boat_one_cm":37272,"minecraft:jump":5665,"minecraft:walk_on_water_one_cm":27853,"minecraft:total_world_time":205773,"minecraft:interact_with_furnace":49,"minecraft:traded_with_villager":702,"minecraft:sleep_in_bed":14,"minecraft:time_since_rest":5465,"minecraft:damage_taken":2291,"minecraft:damage_dealt":20614,"minecraft:swim_one_cm":12495,"minecraft:fly_one_cm":1995758,"minecraft:open_chest":225,"minecraft:crouch_one_cm":39702,"minecraft:fall_one_cm":154316}},"DataVersion":2975}